{"epoch/loss": 0.5719218254089355, "epoch/prec": 0.7455882430076599, "epoch/rec": 1.0, "epoch/val_loss": 4.690122127532959, "epoch/val_prec": 0.75, "epoch/val_rec": 1.0, "epoch/epoch": 99, "epoch/learning_rate": 0.0010000000474974513, "_timestamp": 1690566736.5080528, "_runtime": 1670.4347298145294, "_step": 99, "_wandb": {"runtime": 1673}}