{"epoch/loss": 0.06121731549501419, "epoch/prec": 0.9806576371192932, "epoch/rec": 0.998031497001648, "epoch/val_loss": 1.5634276866912842, "epoch/val_prec": 0.7586206793785095, "epoch/val_rec": 0.8461538553237915, "epoch/epoch": 23, "epoch/learning_rate": 0.0010000000474974513, "_timestamp": 1690765392.5713534, "_runtime": 245.90570449829102, "_step": 23, "_wandb": {"runtime": 252}}