{"train_loss": 0.5879082229791903, "val_loss": 0.6471976084368569, "train_prec": 1.0, "val_prec": 1.0, "train_rec": 0.7330065357918832, "val_rec": 0.6666666695049831, "_timestamp": 1702351826.654087, "_runtime": 3048.0411829948425, "_step": 49, "_wandb": {"runtime": 3146}}