{"epoch/loss": 0.11982075124979019, "epoch/prec": 0.9571149945259094, "epoch/rec": 0.9859437942504883, "epoch/val_loss": 0.6361770629882812, "epoch/val_prec": 0.7931034564971924, "epoch/val_rec": 0.8846153616905212, "epoch/epoch": 15, "epoch/learning_rate": 0.0010000000474974513, "_timestamp": 1690756967.7056768, "_runtime": 278.4178009033203, "_step": 15, "_wandb": {"runtime": 293}}