{"train_loss": 0.5750669293105602, "val_loss": 0.7127944727738699, "train_prec": 1.0, "val_prec": 1.0, "train_rec": 0.7453125, "val_rec": 0.6736111044883728, "_timestamp": 1702347922.1709113, "_runtime": 965.425359249115, "_step": 49}