{"train_loss": 0.5978007942438126, "val_loss": 0.64443306128184, "train_prec": 1.0, "val_prec": 0.9895833333333334, "train_rec": 0.721875, "val_rec": 0.65625, "_timestamp": 1702340537.6095114, "_runtime": 1061.1923422813416, "_step": 49}