{"epoch/loss": 0.598327100276947, "epoch/prec": 0.720588207244873, "epoch/rec": 1.0, "epoch/val_loss": 0.5967149138450623, "epoch/val_prec": 0.7222222089767456, "epoch/val_rec": 1.0, "epoch/epoch": 45, "epoch/learning_rate": 0.0010000000474974513, "_timestamp": 1690757851.1711516, "_runtime": 580.9742476940155, "_step": 45, "_wandb": {"runtime": 602}}