{"epoch/loss": 0.019991649314761162, "epoch/prec": 0.9900199770927429, "epoch/rec": 0.9979879260063171, "epoch/val_loss": 1.4052367210388184, "epoch/val_prec": 0.7586206793785095, "epoch/val_rec": 0.8461538553237915, "epoch/epoch": 20, "epoch/learning_rate": 0.0010000000474974513, "_timestamp": 1690757225.9956748, "_runtime": 238.3063099384308, "_step": 20, "_wandb": {"runtime": 245}}