{"train_loss": 0.5993522566323187, "val_loss": 0.6636591026416192, "train_prec": 1.0, "val_prec": 1.0, "train_rec": 0.731209148525023, "val_rec": 0.6410256429360464, "_timestamp": 1702354019.4191394, "_runtime": 1868.8107614517212, "_step": 8}