{"train_loss": 0.5979052409529686, "val_loss": 0.6311051249504089, "train_prec": 1.0, "val_prec": 0.9791666666666666, "train_rec": 0.721875, "val_rec": 0.6736111044883728, "_timestamp": 1702328163.841604, "_runtime": 134.76619291305542, "_step": 9}